{"cameraMode":{"drawMode":0,"name":"Shaded","section":"Shading Mode"},"sceneLighting":false,"audioPlay":false,"sceneViewState":{"showFog":true,"showMaterialUpdate":true,"showSkybox":true,"showFlares":true,"showImageEffects":true,"showParticleSystems":true},"in2DMode":false,"pivot":{"x":2.119295358657837,"y":2.2497758865356447,"z":1.0952160358428956},"rotation":{"x":-0.12210021167993546,"y":-0.11969445645809174,"z":0.014834686182439328,"w":-0.9851623177528381},"size":5.975766181945801,"orthographic":false}