{"cameraMode":{"drawMode":0,"name":"Shaded","section":"Shading Mode"},"sceneLighting":false,"audioPlay":false,"sceneViewState":{"showFog":true,"showMaterialUpdate":true,"showSkybox":true,"showFlares":true,"showImageEffects":true,"showParticleSystems":true},"in2DMode":false,"pivot":{"x":3.6636195182800295,"y":1.9558367729187012,"z":0.0},"rotation":{"x":-0.08017676323652268,"y":-0.2450152486562729,"z":0.020336121320724489,"w":-0.9659843444824219},"size":5.938722133636475,"orthographic":false}